{"cameraMode":{"drawMode":0,"name":"Shaded","section":"Shading Mode"},"sceneLighting":true,"audioPlay":false,"sceneViewState":{"showFog":true,"showMaterialUpdate":true,"showSkybox":true,"showFlares":true,"showImageEffects":true,"showParticleSystems":true},"in2DMode":false,"pivot":{"x":0.002960696816444397,"y":0.022430598735809327,"z":-0.04459412395954132},"rotation":{"x":-0.30001237988471987,"y":-0.24064044654369355,"z":0.07849494367837906,"w":-0.919741690158844},"size":0.16514399647712708,"orthographic":false}