{"cameraMode":{"drawMode":0,"name":"Shaded","section":"Shading Mode"},"sceneLighting":true,"audioPlay":false,"sceneViewState":{"showFog":true,"showMaterialUpdate":false,"showSkybox":true,"showFlares":true,"showImageEffects":true,"showParticleSystems":true},"in2DMode":false,"pivot":{"x":1.1296534538269044,"y":-0.8765835762023926,"z":0.041296958923339847},"rotation":{"x":-0.24469980597496034,"y":-0.6420257091522217,"z":0.22770105302333833,"w":-0.6899983882904053},"size":0.9151584506034851,"orthographic":false}